example_id,query,query_id,product_id,product_locale,esci_label,small_version,large_version,split
1566553,pickled white wood stain,79754,B007XHCJ0W,us,E,1,1,train
2197303,women's birthday gifts,112710,B07VLVX27D,us,E,0,1,train
1041615,iblason phone case,52564,B07W6MV7HF,us,E,0,1,train
1281882,magnolia market,64996,006282015X,us,E,0,1,test
1232258,lightweight messenger bag for women,62479,B07GKQ14VT,us,E,0,1,test
973419,handyman tool set,48969,B07YKVL4CK,us,E,0,1,train
1557463,pet potty grass mat,79247,B07M95BWR8,us,E,0,1,train
798037,faux headboard,39789,B012B11Q9O,us,E,0,1,train
1281872,magnolia market,64996,B07CMM8RSX,us,E,0,1,test
1041614,iblason phone case,52564,B07XCM2HYC,us,E,0,1,train
1184784,large cactus magnets,60010,B06XJZPD1K,us,E,0,1,train
798024,faux headboard,39789,B09DGGN252,us,E,0,1,train
1788671,sealed plastic bags for food,91337,B07JVGJD1M,us,E,1,1,test
430699,button up,20908,B07J6HT6RS,us,E,0,1,train
1566540,pickled white wood stain,79754,B000BZTJDI,us,E,1,1,train
1654474,pumpkins,84308,B07VJDV971,us,E,0,1,train
1780118,scented wax warmers,90870,B09248T4H7,us,E,0,1,train
2094896,usb port surge protector soundbar,107350,B0040723AO,us,E,0,1,test
2179880,wind strip for windows,111775,B07V577GWG,us,E,0,1,train
1979274,tekonsha wireless brake controller,101278,B07JQ99SDD,us,E,0,1,train
1979280,tekonsha wireless brake controller,101278,B007O5GXYG,us,E,0,1,train
1281880,magnolia market,64996,B003NTZHXK,us,E,0,1,test
1078445,iphone video stabilizer,54525,B07XY5LLQ7,us,E,0,1,train
1654475,pumpkins,84308,B07PNRWKLF,us,E,0,1,train
2162776,when tomorrow starts without me,110842,B093C6MPM3,us,E,0,1,train
1232268,lightweight messenger bag for women,62479,B0779Q57WF,us,E,0,1,test
997746,here comes the bride sign,50271,B01KFOYBN2,us,E,0,1,train
411226,brithest led h11,19863,B07V47VVL4,us,E,0,1,train
2094888,usb port surge protector soundbar,107350,B0793RR6FY,us,E,0,1,test
1654483,pumpkins,84308,B000Q5I6VO,us,E,0,1,train
693062,dog jogger stroller,34447,B00OSB6FXI,us,E,0,1,train
1821049,shower rods for bathroom,93011,B07NQJ5F8Z,us,E,0,1,train
693065,dog jogger stroller,34447,B00CGYE20W,us,E,0,1,train
662438,dherbs products,32898,B00KLLGVLU,us,E,0,1,train
1557458,pet potty grass mat,79247,B071X8WWX3,us,E,0,1,train
996193,hemostats,50181,B010UHD3T2,us,E,0,1,test
973420,handyman tool set,48969,B07RRMNK59,us,E,0,1,train
2197309,women's birthday gifts,112710,B01NCI749Q,us,E,0,1,train
997739,here comes the bride sign,50271,B07GL8D1XS,us,E,0,1,train
693061,dog jogger stroller,34447,B00YP5WIHO,us,E,0,1,train
997745,here comes the bride sign,50271,B01L0PLC5A,us,E,0,1,train
425065,bungee cords with hooks 48 inch,20600,B000VM7DM0,us,E,1,1,train
1557452,pet potty grass mat,79247,B07QWSVB9Q,us,E,0,1,train
2050555,travel size fragrance spray,105041,B00GFPYXWU,us,E,0,1,train
2162800,when tomorrow starts without me,110842,B07GTQ93WS,us,E,0,1,train
2080710,uncle bens brown rice,106568,B00CM36GC4,us,E,1,1,train
2179893,wind strip for windows,111775,B07BBWPBMV,us,E,0,1,train
1921622,storefront rgb lights,98347,B07Z4ZRNPP,us,E,0,1,test
430697,button up,20908,B07P3HQ3X1,us,E,0,1,train
1788675,sealed plastic bags for food,91337,B07DNSS7L4,us,E,1,1,test
1052199,industrial broom and dustpan set,53116,B082SW3CSR,us,E,0,1,train
430711,button up,20908,B002GHC3V4,us,E,0,1,train
1788669,sealed plastic bags for food,91337,B0983QZ4V8,us,E,1,1,test
72506,20 inch storage bin,2788,B07SCJTJ42,us,E,1,1,train
425052,bungee cords with hooks 48 inch,20600,B07ZL1TDV2,us,E,1,1,train
2197313,women's birthday gifts,112710,B017IF4HKS,us,E,0,1,train
1979287,tekonsha wireless brake controller,101278,B001P11SCM,us,E,0,1,train
2050553,travel size fragrance spray,105041,B00P6LDQCC,us,E,0,1,train
2162786,when tomorrow starts without me,110842,B00GVDN1OC,us,E,0,1,train
1788659,sealed plastic bags for food,91337,B07T9CYHDD,us,E,1,1,test
205532,anne of green gables the sequel,9332,B006ZUMNGS,us,E,1,1,train
973431,handyman tool set,48969,B003ZJ8MIU,us,E,0,1,train
2050559,travel size fragrance spray,105041,B0048B4XYQ,us,E,0,1,train
430698,button up,20908,B07M8GCP89,us,E,0,1,train
1566520,pickled white wood stain,79754,B00N1X7P38,us,E,1,1,train
2050556,travel size fragrance spray,105041,B00BOJKZ42,us,E,0,1,train
902004,gifts for 2 year boy,45238,B07CRSXMW8,us,E,1,1,train
411227,brithest led h11,19863,B07V1SJ4HR,us,E,0,1,train
693064,dog jogger stroller,34447,B00DYW734C,us,E,0,1,train
1184781,large cactus magnets,60010,B07MTD88Q8,us,E,0,1,train
996185,hemostats,50181,B072J826MN,us,E,0,1,test
72490,20 inch storage bin,2788,B07TFHBYT1,us,E,1,1,train
2162778,when tomorrow starts without me,110842,B09CD77FL1,us,E,0,1,train
430702,button up,20908,B07BN6KH8J,us,E,0,1,train
1566550,pickled white wood stain,79754,B002OTUYCY,us,E,1,1,train
2214759,wooden dough bowls for decor,113635,B014A26QGU,us,E,0,1,train
1360449,milemile and a half,69072,B00FJVD4AS,us,E,0,1,train
2084039,une parisian,106755,0998080438,us,E,0,1,train
662449,dherbs products,32898,B00KLLDGV8,us,E,0,1,train
2084035,une parisian,106755,B01BASSG88,us,E,0,1,train
997743,here comes the bride sign,50271,B06XKHZKZT,us,E,0,1,train
2004910,thigh strap on for sex,102683,B0887Z51XS,us,E,1,1,train
2214751,wooden dough bowls for decor,113635,B07SJ8T5YL,us,E,0,1,train
2162768,when tomorrow starts without me,110842,B08GFNG8SH,us,E,0,1,train
693060,dog jogger stroller,34447,B015JOSF5S,us,E,0,1,train
1184772,large cactus magnets,60010,B089LWLJTB,us,E,0,1,train
411232,brithest led h11,19863,B074XCTZ65,us,E,0,1,train
787547,face sticker,39230,B00EJAEWW4,us,E,0,1,train
186071,alpha chi omega,8284,B07HKRPP6H,us,E,0,1,test
425062,bungee cords with hooks 48 inch,20600,B01NACD8DJ,us,E,1,1,train
1921628,storefront rgb lights,98347,B06XKTC6B1,us,E,0,1,test
973434,handyman tool set,48969,B01BNJWBM6,us,E,0,1,train
243361,australian shepherd harness,11235,B01N1YVRC8,us,E,0,1,test
1921626,storefront rgb lights,98347,B07HCGF7GP,us,E,0,1,test
425063,bungee cords with hooks 48 inch,20600,B00FQT19NW,us,E,1,1,train
798746,fc barcelona jersey,39819,B07TVH5TL3,us,E,1,1,train
798023,faux headboard,39789,B097RQCJBG,us,E,0,1,train
1830940,silver nazgul ring,93538,B087RKNYYQ,us,E,1,1,test
1979288,tekonsha wireless brake controller,101278,B000P17NXQ,us,E,0,1,train
2197312,women's birthday gifts,112710,B01DZNIQUO,us,E,0,1,train
1821046,shower rods for bathroom,93011,B07WQV896S,us,E,0,1,train
1232262,lightweight messenger bag for women,62479,B075N7FL45,us,E,0,1,test
997744,here comes the bride sign,50271,B01N2LZJDW,us,E,0,1,train
1232257,lightweight messenger bag for women,62479,B07GL7YQSM,us,E,0,1,test
425056,bungee cords with hooks 48 inch,20600,B07J1SYCVZ,us,E,1,1,train
1592418,plastic plates and forks,81086,B07NSFYW8Z,us,E,1,1,train
411221,brithest led h11,19863,B0811DSBLN,us,E,0,1,train
662447,dherbs products,32898,B00KLLEL1W,us,E,0,1,train
1041622,iblason phone case,52564,B07GZLTHN8,us,E,0,1,train
243356,australian shepherd harness,11235,B07FSZ86QK,us,E,0,1,test
2162769,when tomorrow starts without me,110842,B08JD44P1M,us,E,0,1,train
882393,gaming chair with footrest,44222,B082KXW6VK,us,E,1,1,train
72497,20 inch storage bin,2788,B095CB1Z9Q,us,E,1,1,train
647484,deer infant car seat cover,32138,B074W6K8M2,us,E,0,1,train
798013,faux headboard,39789,B07S4DVKZ3,us,E,0,1,train
1780140,scented wax warmers,90870,B07VX17QG2,us,E,0,1,train
996189,hemostats,50181,B01MQ3G2QW,us,E,0,1,test
882402,gaming chair with footrest,44222,B077CZBL3G,us,E,1,1,train
1921623,storefront rgb lights,98347,B07VHZ24T7,us,E,0,1,test
787544,face sticker,39230,B079Q9QP53,us,E,0,1,train
1552831,perfume pink victoria secret,79010,B00GGQDL7Q,us,E,1,1,train
1788674,sealed plastic bags for food,91337,B07Z4RSGKP,us,E,1,1,test
973421,handyman tool set,48969,B07PLYDVSM,us,E,0,1,train
2214760,wooden dough bowls for decor,113635,B01249LA4Y,us,E,0,1,train
1788692,sealed plastic bags for food,91337,B07CT9D5GX,us,E,1,1,test
430707,button up,20908,B074PX3F33,us,E,0,1,train
1557453,pet potty grass mat,79247,B07PJPMB9Z,us,E,0,1,train
1078451,iphone video stabilizer,54525,B076FQCWQG,us,E,0,1,train
1780112,scented wax warmers,90870,B097PNGY5C,us,E,0,1,train
243358,australian shepherd harness,11235,B00ZBW1Z4M,us,E,0,1,test
662437,dherbs products,32898,B00KLLHABK,us,E,0,1,train
2162799,when tomorrow starts without me,110842,B07DTML6Y1,us,E,0,1,train
411228,brithest led h11,19863,B07FC7WKGZ,us,E,0,1,train
1078454,iphone video stabilizer,54525,B07TLC2MLB,us,E,0,1,train
2179892,wind strip for windows,111775,B06XCK65QM,us,E,0,1,train
186065,alpha chi omega,8284,B07D7HYC8S,us,E,0,1,test
798016,faux headboard,39789,B08GPHPF2N,us,E,0,1,train
2094882,usb port surge protector soundbar,107350,B07WLCNL6N,us,E,0,1,test
1353305,michigan pacifier,68694,B001395KIY,us,E,0,1,test
662439,dherbs products,32898,B00KLLGP66,us,E,0,1,train
430703,button up,20908,B0787BW979,us,E,0,1,train
411223,brithest led h11,19863,B07X3Z1SQX,us,E,0,1,train
973426,handyman tool set,48969,B01N1MH75D,us,E,0,1,train
2004908,thigh strap on for sex,102683,B0895WNS1B,us,E,1,1,train
1780124,scented wax warmers,90870,B015US26NA,us,E,0,1,train
1821053,shower rods for bathroom,93011,B00YAERN7K,us,E,0,1,train
1232265,lightweight messenger bag for women,62479,B00MA2HNLU,us,E,0,1,test
1979275,tekonsha wireless brake controller,101278,B07DPVBFZ3,us,E,0,1,train
186059,alpha chi omega,8284,B07S647DPG,us,E,0,1,test
1078449,iphone video stabilizer,54525,B07NWH2CGS,us,E,0,1,train
1788685,sealed plastic bags for food,91337,B07GBVX157,us,E,1,1,test
2162788,when tomorrow starts without me,110842,B00SGA4W4Q,us,E,0,1,train
2094892,usb port surge protector soundbar,107350,B074GMJLTK,us,E,0,1,test
411233,brithest led h11,19863,B01KHUYM88,us,E,0,1,train
1821057,shower rods for bathroom,93011,B07H8WSK24,us,E,0,1,train
1626881,power rangers season 3,82880,B00727YU1Y,us,E,1,1,train
186070,alpha chi omega,8284,0997426446,us,E,0,1,test
798048,faux headboard,39789,B0764W75LL,us,E,0,1,train
1830943,silver nazgul ring,93538,B076PRLM7X,us,E,1,1,test
1788661,sealed plastic bags for food,91337,B07WCV3795,us,E,1,1,test
1232266,lightweight messenger bag for women,62479,B00KI4WQ4G,us,E,0,1,test
1780109,scented wax warmers,90870,B096LRKJS1,us,E,0,1,train
1654467,pumpkins,84308,B07VJ3NV31,us,E,0,1,train
1566555,pickled white wood stain,79754,B001CETP86,us,E,1,1,train
1353295,michigan pacifier,68694,B00KDIJ78A,us,E,0,1,test
1184776,large cactus magnets,60010,B07VS9X2XD,us,E,0,1,train
1780103,scented wax warmers,90870,B08P739PGR,us,E,0,1,train
2004905,thigh strap on for sex,102683,B08B4GQ2M7,us,E,1,1,train
1557456,pet potty grass mat,79247,B07LG9MHRV,us,E,0,1,train
973423,handyman tool set,48969,B07JYZVPKP,us,E,0,1,train
2162783,when tomorrow starts without me,110842,B07P8P7GNZ,us,E,0,1,train
1592424,plastic plates and forks,81086,B07L8N7WTX,us,E,1,1,train
798035,faux headboard,39789,B00P761AFG,us,E,0,1,train
2179881,wind strip for windows,111775,B07R5HHV8S,us,E,0,1,train
798021,faux headboard,39789,B0949L2N1X,us,E,0,1,train
1078439,iphone video stabilizer,54525,B089CL5RMH,us,E,0,1,train
2094886,usb port surge protector soundbar,107350,B07PLL1D7X,us,E,0,1,test
2214762,wooden dough bowls for decor,113635,B002SZH742,us,E,0,1,train
2084043,une parisian,106755,B009KX1XBS,us,E,0,1,train
1052197,industrial broom and dustpan set,53116,B07YDL76GC,us,E,0,1,train
1654468,pumpkins,84308,B07VJBJFYK,us,E,0,1,train
647487,deer infant car seat cover,32138,B01MDNCEAQ,us,E,0,1,train
662443,dherbs products,32898,B00KLLF74W,us,E,0,1,train
2162770,when tomorrow starts without me,110842,B08L8V6MC7,us,E,0,1,train
902002,gifts for 2 year boy,45238,B073R2FBWY,us,E,1,1,train
1041618,iblason phone case,52564,B07QG6NCWG,us,E,0,1,train
647475,deer infant car seat cover,32138,B0814F7LYL,us,E,0,1,train
72500,20 inch storage bin,2788,B0988Z7Q6Z,us,E,1,1,train
430710,button up,20908,B0089OQ4NQ,us,E,0,1,train
2004913,thigh strap on for sex,102683,B087X446XF,us,E,1,1,train
1566543,pickled white wood stain,79754,B000I197Q4,us,E,1,1,train
1830946,silver nazgul ring,93538,B01LY1H4JV,us,E,1,1,test
1626882,power rangers season 3,82880,B000286RPW,us,E,1,1,train
1557457,pet potty grass mat,79247,B07KQ3FYVM,us,E,0,1,train
901995,gifts for 2 year boy,45238,B07KLTB7WW,us,E,1,1,train
787538,face sticker,39230,B081N7KYJQ,us,E,0,1,train
186069,alpha chi omega,8284,B00OX2IWBA,us,E,0,1,test
243360,australian shepherd harness,11235,B073YJVRNY,us,E,0,1,test
243359,australian shepherd harness,11235,B079DKMT33,us,E,0,1,test
425066,bungee cords with hooks 48 inch,20600,B00004Y62G,us,E,1,1,train
798026,faux headboard,39789,B08PS77J34,us,E,0,1,train
902003,gifts for 2 year boy,45238,B004UU9ZB6,us,E,1,1,train
2094883,usb port surge protector soundbar,107350,B07W48M1NY,us,E,0,1,test
425058,bungee cords with hooks 48 inch,20600,B07FXR6S5B,us,E,1,1,train
72512,20 inch storage bin,2788,B0085U21OA,us,E,1,1,train
1780137,scented wax warmers,90870,B083Z3PM9S,us,E,0,1,train
2162779,when tomorrow starts without me,110842,B09G2DC2PX,us,E,0,1,train
798042,faux headboard,39789,B01LXM1D6Q,us,E,0,1,train
1041623,iblason phone case,52564,B07GZLL436,us,E,0,1,train
1557451,pet potty grass mat,79247,B07RB9N4KN,us,E,0,1,train
1821045,shower rods for bathroom,93011,B07WWD6R6R,us,E,0,1,train
1078444,iphone video stabilizer,54525,B07ZSBGMJ1,us,E,0,1,train
1654480,pumpkins,84308,B0019KAQEU,us,E,0,1,train
798039,faux headboard,39789,B011EUA2HK,us,E,0,1,train
1780127,scented wax warmers,90870,B01MYOCI0Q,us,E,0,1,train
1921627,storefront rgb lights,98347,B07B8XZ68T,us,E,0,1,test
430704,button up,20908,B0775MH7ST,us,E,0,1,train
1788677,sealed plastic bags for food,91337,B00CQ8IXIK,us,E,1,1,test
1557448,pet potty grass mat,79247,B07VCHR6Z6,us,E,0,1,train
1780131,scented wax warmers,90870,B074TZDXBC,us,E,0,1,train
430700,button up,20908,B07HKSRY3C,us,E,0,1,train
186064,alpha chi omega,8284,B07D7KKS7X,us,E,0,1,test
186056,alpha chi omega,8284,B084282BPH,us,E,0,1,test
2084032,une parisian,106755,B07NTYMX88,us,E,0,1,train
996192,hemostats,50181,B01M4PA31J,us,E,0,1,test
2179882,wind strip for windows,111775,B07K2G1V2K,us,E,0,1,train
1052193,industrial broom and dustpan set,53116,B08577WJ6N,us,E,0,1,train
1788691,sealed plastic bags for food,91337,B07BJ495GL,us,E,1,1,test
1078441,iphone video stabilizer,54525,B08942K1HH,us,E,0,1,train
693066,dog jogger stroller,34447,B01C5EQB2E,us,E,0,1,train
1552830,perfume pink victoria secret,79010,B00GP61N7W,us,E,1,1,train
1232267,lightweight messenger bag for women,62479,B002B3FWXY,us,E,0,1,test
243350,australian shepherd harness,11235,B07DNBXGWP,us,E,0,1,test
1780104,scented wax warmers,90870,B08PPBHWFW,us,E,0,1,train
1557450,pet potty grass mat,79247,B07RL292VW,us,E,0,1,train
72505,20 inch storage bin,2788,B07QFRBQZG,us,E,1,1,train
186063,alpha chi omega,8284,B07NGSCR55,us,E,0,1,test
1557459,pet potty grass mat,79247,B01D3J7W14,us,E,0,1,train
973432,handyman tool set,48969,B001CE7R54,us,E,0,1,train
2162773,when tomorrow starts without me,110842,B08ZLTSN6R,us,E,0,1,train
2214749,wooden dough bowls for decor,113635,B07ZC8P3LQ,us,E,0,1,train
1281868,magnolia market,64996,B079J82CZ5,us,E,0,1,test
430705,button up,20908,B07754XH5K,us,E,0,1,train
1281869,magnolia market,64996,B08796H4LV,us,E,0,1,test
1281871,magnolia market,64996,B07JBMZKWN,us,E,0,1,test
2050560,travel size fragrance spray,105041,B0026SU7HK,us,E,0,1,train
1041617,iblason phone case,52564,B07W5PK26Q,us,E,0,1,train
901991,gifts for 2 year boy,45238,B085ZFRVM9,us,E,1,1,train
882399,gaming chair with footrest,44222,B07FCZ696Y,us,E,1,1,train
2179886,wind strip for windows,111775,B077LJT1F8,us,E,0,1,train
1184780,large cactus magnets,60010,B07NCFGFHM,us,E,0,1,train
1592427,plastic plates and forks,81086,B07N1BKKG1,us,E,1,1,train
647476,deer infant car seat cover,32138,B083PWT4W4,us,E,0,1,train
2050552,travel size fragrance spray,105041,B00P6LDSKW,us,E,0,1,train
1078447,iphone video stabilizer,54525,B07R9XZSGL,us,E,0,1,train
1167000,krishna rao supermarket,59121,B08186PNGC,us,E,0,1,train
2214750,wooden dough bowls for decor,113635,B07Y7MMW1Q,us,E,0,1,train
798748,fc barcelona jersey,39819,B07WY6S2TD,us,E,1,1,train
2162771,when tomorrow starts without me,110842,B08TC9X98C,us,E,0,1,train
1078446,iphone video stabilizer,54525,B07WMTLDH7,us,E,0,1,train
798009,faux headboard,39789,B07D2L8MWP,us,E,0,1,train
430696,button up,20908,B07XF578HG,us,E,0,1,train
2004906,thigh strap on for sex,102683,B089RZCYKX,us,E,1,1,train
425060,bungee cords with hooks 48 inch,20600,B074H1J2R6,us,E,1,1,train
1979283,tekonsha wireless brake controller,101278,B007O5GWSS,us,E,0,1,train
798757,fc barcelona jersey,39819,B01IFLQV1W,us,E,1,1,train
996194,hemostats,50181,B00JKW5QC6,us,E,0,1,test
430709,button up,20908,B01M0WYOMS,us,E,0,1,train
2080703,uncle bens brown rice,106568,B00B03XCEM,us,E,1,1,train
662446,dherbs products,32898,B00KLLEQGM,us,E,0,1,train
693054,dog jogger stroller,34447,B076CR546N,us,E,0,1,train
2162775,when tomorrow starts without me,110842,B091YZJ88R,us,E,0,1,train
996196,hemostats,50181,B000W1Y9YU,us,E,0,1,test
72484,20 inch storage bin,2788,B0834Y2NHN,us,E,1,1,train
2214756,wooden dough bowls for decor,113635,B0733H7665,us,E,0,1,train
1052203,industrial broom and dustpan set,53116,B07CMMDVYT,us,E,0,1,train
1921631,storefront rgb lights,98347,B07SPZ2HGT,us,E,0,1,test
1780105,scented wax warmers,90870,B0915T1HMH,us,E,0,1,train
1052200,industrial broom and dustpan set,53116,B07HGSVZ11,us,E,0,1,train
662445,dherbs products,32898,B00KLLEX1K,us,E,0,1,train
996186,hemostats,50181,B06XGL5V1Q,us,E,0,1,test
1788670,sealed plastic bags for food,91337,B09DCZB45Q,us,E,1,1,test
1979277,tekonsha wireless brake controller,101278,B00JLL1YE0,us,E,0,1,train
1052196,industrial broom and dustpan set,53116,B07ZCV22M6,us,E,0,1,train
1780114,scented wax warmers,90870,B099K65KK4,us,E,0,1,train
787542,face sticker,39230,B07S7D3KX3,us,E,0,1,train
2094889,usb port surge protector soundbar,107350,B07ZRD6C9T,us,E,0,1,test
2179885,wind strip for windows,111775,B07GVCGHXC,us,E,0,1,train
2162774,when tomorrow starts without me,110842,B091YZFR2P,us,E,0,1,train
1788693,sealed plastic bags for food,91337,B07DKY1JKJ,us,E,1,1,test
1041626,iblason phone case,52564,B01KIP3C9W,us,E,0,1,train
2050562,travel size fragrance spray,105041,B00GP61N7W,us,E,0,1,train
243364,australian shepherd harness,11235,B012C3GTI4,us,E,0,1,test
1041619,iblason phone case,52564,B07KC423ZQ,us,E,0,1,train
882398,gaming chair with footrest,44222,B081MQT77Q,us,E,1,1,train
2214763,wooden dough bowls for decor,113635,B07C456KYY,us,E,0,1,train
2050561,travel size fragrance spray,105041,B0010ZYM26,us,E,0,1,train
662436,dherbs products,32898,B00KPWQD7M,us,E,0,1,train
2214752,wooden dough bowls for decor,113635,B07SF85823,us,E,0,1,train
1830945,silver nazgul ring,93538,B01MQ3PYMO,us,E,1,1,test
1232260,lightweight messenger bag for women,62479,B07DW6K3QZ,us,E,0,1,test
647483,deer infant car seat cover,32138,B0751G2X3N,us,E,0,1,train
2050557,travel size fragrance spray,105041,B004F1U8EI,us,E,0,1,train
2162767,when tomorrow starts without me,110842,B08FZZSC3D,us,E,0,1,train
1254880,loose high waist cargo pants,63652,B07PCQNF84,us,E,1,1,test
798043,faux headboard,39789,B077NV6VB9,us,E,0,1,train
1184774,large cactus magnets,60010,B082SDVZJQ,us,E,0,1,train
1979289,tekonsha wireless brake controller,101278,B007O5GXSW,us,E,0,1,train
787548,face sticker,39230,B006Y3RP14,us,E,0,1,train
693053,dog jogger stroller,34447,B076M3L6KJ,us,E,0,1,train
1979286,tekonsha wireless brake controller,101278,B002OJ9Y98,us,E,0,1,train
2084040,une parisian,106755,0802148808,us,E,0,1,train
798754,fc barcelona jersey,39819,B077VXM67T,us,E,1,1,train
1654488,pumpkins,84308,B01BLYNWVM,us,E,0,1,train
2179887,wind strip for windows,111775,B076Z9591D,us,E,0,1,train
2214754,wooden dough bowls for decor,113635,B07HR2921T,us,E,0,1,train
1353298,michigan pacifier,68694,B0776YMGBG,us,E,0,1,test
2162792,when tomorrow starts without me,110842,B0725BWJV8,us,E,0,1,train
787540,face sticker,39230,B07XC8Y4HG,us,E,0,1,train
787539,face sticker,39230,B07ZFKH9NW,us,E,0,1,train
1592421,plastic plates and forks,81086,B07M7GWKGQ,us,E,1,1,train
1232259,lightweight messenger bag for women,62479,B07FT3YSC1,us,E,0,1,test
186060,alpha chi omega,8284,B07RCLKN7J,us,E,0,1,test
798033,faux headboard,39789,B00MUM0GNC,us,E,0,1,train
2004916,thigh strap on for sex,102683,B085XK4LYT,us,E,1,1,train
1184782,large cactus magnets,60010,B07LDTSL3V,us,E,0,1,train
2162801,when tomorrow starts without me,110842,B07J4DPBBV,us,E,0,1,train
72513,20 inch storage bin,2788,B00LI6MW06,us,E,1,1,train
1184775,large cactus magnets,60010,B07Y2T4V82,us,E,0,1,train
186066,alpha chi omega,8284,B07D7H87YT,us,E,0,1,test
1830942,silver nazgul ring,93538,B07CX6N7RT,us,E,1,1,test
798028,faux headboard,39789,B07WGFXCXF,us,E,0,1,train
2197299,women's birthday gifts,112710,B087NB2QSV,us,E,0,1,train
1654471,pumpkins,84308,B07W5KNN1T,us,E,0,1,train
997741,here comes the bride sign,50271,B07CRM2K6Q,us,E,0,1,train
1078453,iphone video stabilizer,54525,B06Y2YSVW2,us,E,0,1,train
1780106,scented wax warmers,90870,B08NSWN4WG,us,E,0,1,train
1052194,industrial broom and dustpan set,53116,B0821X1J5L,us,E,0,1,train
798011,faux headboard,39789,B07JKJN8NJ,us,E,0,1,train
693055,dog jogger stroller,34447,B076BB7NWY,us,E,0,1,train
1788658,sealed plastic bags for food,91337,B07SRZJ784,us,E,1,1,test
1353297,michigan pacifier,68694,B00J6FQAVI,us,E,0,1,test
1078442,iphone video stabilizer,54525,B0881CCDDX,us,E,0,1,train
662442,dherbs products,32898,B00KLLF7YC,us,E,0,1,train
1780107,scented wax warmers,90870,B08RSGNNRB,us,E,0,1,train
798034,faux headboard,39789,B00OIQIO6Y,us,E,0,1,train
1557449,pet potty grass mat,79247,B07V8GQVVM,us,E,0,1,train
411229,brithest led h11,19863,B07DGVQBVP,us,E,0,1,train
1821047,shower rods for bathroom,93011,B07VDXYK38,us,E,0,1,train
973433,handyman tool set,48969,B000UHMITE,us,E,0,1,train
1052202,industrial broom and dustpan set,53116,B07CNQBPCG,us,E,0,1,train
186058,alpha chi omega,8284,B07SZ9NFZZ,us,E,0,1,test
1788679,sealed plastic bags for food,91337,B01G8P4QM8,us,E,1,1,test
1232261,lightweight messenger bag for women,62479,B07VXG5HLQ,us,E,0,1,test
1041613,iblason phone case,52564,B07Y7TB5K2,us,E,0,1,train
2214755,wooden dough bowls for decor,113635,B083JD9W2G,us,E,0,1,train
2197301,women's birthday gifts,112710,B0823JD7PS,us,E,0,1,train
882391,gaming chair with footrest,44222,B085NGRD1F,us,E,1,1,train
1780111,scented wax warmers,90870,B0963FC8TH,us,E,0,1,train
2094890,usb port surge protector soundbar,107350,B078HVFJN6,us,E,0,1,test
1780132,scented wax warmers,90870,B07TKBS38T,us,E,0,1,train
647477,deer infant car seat cover,32138,B07WGKHHPH,us,E,0,1,train
798046,faux headboard,39789,B073R15VZC,us,E,0,1,train
1184771,large cactus magnets,60010,B08BRDJ9HG,us,E,0,1,train
1654487,pumpkins,84308,B07FZ283HD,us,E,0,1,train
1821052,shower rods for bathroom,93011,B073Q81HV6,us,E,0,1,train
1780126,scented wax warmers,90870,B01LOO2QZC,us,E,0,1,train
1780123,scented wax warmers,90870,B00SPLOELM,us,E,0,1,train
1780100,scented wax warmers,90870,B08YQZQ77K,us,E,0,1,train
72496,20 inch storage bin,2788,B092TJW6XC,us,E,1,1,train
243363,australian shepherd harness,11235,B01HD2KFW0,us,E,0,1,test
1592426,plastic plates and forks,81086,B01N6UP19O,us,E,1,1,train
1921617,storefront rgb lights,98347,B0855SGX5H,us,E,0,1,test
798032,faux headboard,39789,B00MSIPJTO,us,E,0,1,train
186057,alpha chi omega,8284,B0831TZLR1,us,E,0,1,test
411220,brithest led h11,19863,B082F1CDCS,us,E,0,1,train
2197307,women's birthday gifts,112710,B079LRYKR1,us,E,0,1,train
2162785,when tomorrow starts without me,110842,B007IUZRJE,us,E,0,1,train
72492,20 inch storage bin,2788,B089PZ8W75,us,E,1,1,train
1780121,scented wax warmers,90870,B0874S7DGN,us,E,0,1,train
1654472,pumpkins,84308,B07Z8GRQQ3,us,E,0,1,train
1184786,large cactus magnets,60010,B07QYRNRSF,us,E,0,1,train
2162791,when tomorrow starts without me,110842,B01N1QCMNP,us,E,0,1,train
1052207,industrial broom and dustpan set,53116,B07HMKBVBL,us,E,0,1,train
1821042,shower rods for bathroom,93011,B07P1BC7D1,us,E,0,1,train
1078440,iphone video stabilizer,54525,B0894MT855,us,E,0,1,train
1979278,tekonsha wireless brake controller,101278,B00CKINFD4,us,E,0,1,train
996183,hemostats,50181,B07SQNPXHJ,us,E,0,1,test
186067,alpha chi omega,8284,B076DL1VMH,us,E,0,1,test
1979282,tekonsha wireless brake controller,101278,B007O5GXR8,us,E,0,1,train
1041621,iblason phone case,52564,B07GZN36KP,us,E,0,1,train
411222,brithest led h11,19863,B07ZQ23P2P,us,E,0,1,train
1557460,pet potty grass mat,79247,B00PH9ZLDK,us,E,0,1,train
996187,hemostats,50181,B01N27VLV3,us,E,0,1,test
243354,australian shepherd harness,11235,B07QNJ5VP9,us,E,0,1,test
798015,faux headboard,39789,B08B8SXHN6,us,E,0,1,train
996195,hemostats,50181,B00GGAAPD0,us,E,0,1,test
2214748,wooden dough bowls for decor,113635,B0813W4C3X,us,E,0,1,train
1566539,pickled white wood stain,79754,B0000C5158,us,E,1,1,train
1566524,pickled white wood stain,79754,B0714BH2HB,us,E,1,1,train
798036,faux headboard,39789,B010G2CO0K,us,E,0,1,train
2080704,uncle bens brown rice,106568,B00A0MKD96,us,E,1,1,train
2179890,wind strip for windows,111775,B072QDSJKT,us,E,0,1,train
1921624,storefront rgb lights,98347,B07CXSLT4N,us,E,0,1,test
882397,gaming chair with footrest,44222,B081MXB6L9,us,E,1,1,train
2080707,uncle bens brown rice,106568,B000VDREJQ,us,E,1,1,train
2084036,une parisian,106755,B004QGSFXS,us,E,0,1,train
1654485,pumpkins,84308,B076MHXKPL,us,E,0,1,train
1788681,sealed plastic bags for food,91337,B01MXHR7OD,us,E,1,1,test
1780120,scented wax warmers,90870,B08T21FGQ8,us,E,0,1,train
2197306,women's birthday gifts,112710,B07HQW9TQ8,us,E,0,1,train
2080700,uncle bens brown rice,106568,B00KOIS2JO,us,E,1,1,train
2084037,une parisian,106755,2080203975,us,E,0,1,train
425059,bungee cords with hooks 48 inch,20600,B07CV2DBZT,us,E,1,1,train
1830941,silver nazgul ring,93538,B07L9ZBP8W,us,E,1,1,test
798027,faux headboard,39789,B079PLSDVK,us,E,0,1,train
1780119,scented wax warmers,90870,B089B3LQSS,us,E,0,1,train
798020,faux headboard,39789,B07D13RMGX,us,E,0,1,train
1184779,large cactus magnets,60010,B07T8FHYB1,us,E,0,1,train
882394,gaming chair with footrest,44222,B0824LMBRH,us,E,1,1,train
1788664,sealed plastic bags for food,91337,B0816P81TP,us,E,1,1,test
1557461,pet potty grass mat,79247,B00ICVHY5I,us,E,0,1,train
1592412,plastic plates and forks,81086,B0828Y8SJ6,us,E,1,1,train
2162772,when tomorrow starts without me,110842,B07WLNSY7H,us,E,0,1,train
2197310,women's birthday gifts,112710,B01JQSO2VY,us,E,0,1,train
787551,face sticker,39230,B079MHQSGS,us,E,0,1,train
1780122,scented wax warmers,90870,B00NXZ9BNQ,us,E,0,1,train
2197304,women's birthday gifts,112710,B07SN7RR1L,us,E,0,1,train
996184,hemostats,50181,B07RN8K2VH,us,E,0,1,test
1780128,scented wax warmers,90870,B07KF2J8BR,us,E,0,1,train
2050554,travel size fragrance spray,105041,B0845TMDGB,us,E,0,1,train
647486,deer infant car seat cover,32138,B072PCLJVQ,us,E,0,1,train
1654484,pumpkins,84308,B01GDNLG46,us,E,0,1,train
1788680,sealed plastic bags for food,91337,B01GR5LVN6,us,E,1,1,test
1921619,storefront rgb lights,98347,B08387CPNP,us,E,0,1,test
425067,bungee cords with hooks 48 inch,20600,B074H5XYBB,us,E,1,1,train
662444,dherbs products,32898,B00KLLF71U,us,E,0,1,train
1654470,pumpkins,84308,B07W5F48C2,us,E,0,1,train
2197305,women's birthday gifts,112710,B07MRNVRRX,us,E,0,1,train
662448,dherbs products,32898,B00KLLEJ4G,us,E,0,1,train
411225,brithest led h11,19863,B07VRLMVY2,us,E,0,1,train
787550,face sticker,39230,1223062562,us,E,0,1,train
1654466,pumpkins,84308,B07V6M95F2,us,E,0,1,train
2179884,wind strip for windows,111775,B07DDD6N3R,us,E,0,1,train
901998,gifts for 2 year boy,45238,B07BNHCV21,us,E,1,1,train
2162789,when tomorrow starts without me,110842,B0141QO1Q2,us,E,0,1,train
1788676,sealed plastic bags for food,91337,B00COAIJZC,us,E,1,1,test
1780139,scented wax warmers,90870,B07VHSZFY9,us,E,0,1,train
1921630,storefront rgb lights,98347,B015N23SNA,us,E,0,1,test
72504,20 inch storage bin,2788,B07PVF6JH7,us,E,1,1,train
2004911,thigh strap on for sex,102683,B08CNC51FD,us,E,1,1,train
243353,australian shepherd harness,11235,B07SRZD7GC,us,E,0,1,test
787537,face sticker,39230,B085G3L8JY,us,E,0,1,train
997749,here comes the bride sign,50271,B0145KG658,us,E,0,1,train
1184773,large cactus magnets,60010,B088B8764N,us,E,0,1,train
1830949,silver nazgul ring,93538,B01DKV67G6,us,E,1,1,test
1921618,storefront rgb lights,98347,B083XX8BLJ,us,E,0,1,test
1566516,pickled white wood stain,79754,B01ELF6TWW,us,E,1,1,train
411231,brithest led h11,19863,B077BT6M6Z,us,E,0,1,train
662440,dherbs products,32898,B00KLLFJ4K,us,E,0,1,train
2162797,when tomorrow starts without me,110842,B07BLP72TB,us,E,0,1,train
2084038,une parisian,106755,2080203673,us,E,0,1,train
1788683,sealed plastic bags for food,91337,B06XCSDWZ2,us,E,1,1,test
1041620,iblason phone case,52564,B07K71V19F,us,E,0,1,train
2080698,uncle bens brown rice,106568,B0756735T5,us,E,1,1,train
1078452,iphone video stabilizer,54525,B075S17PVB,us,E,0,1,train
1654477,pumpkins,84308,B07GXZ2GTG,us,E,0,1,train
787549,face sticker,39230,B0016KX4NS,us,E,0,1,train
1780108,scented wax warmers,90870,B091CS866C,us,E,0,1,train
1780115,scented wax warmers,90870,B09BVR2Q9N,us,E,0,1,train
1041624,iblason phone case,52564,B07FPBXF5V,us,E,0,1,train
2162802,when tomorrow starts without me,110842,B075ZZVX4T,us,E,0,1,train
1557455,pet potty grass mat,79247,B07XY32DNV,us,E,0,1,train
2094895,usb port surge protector soundbar,107350,B00Q4O6JUQ,us,E,0,1,test
243355,australian shepherd harness,11235,B07PHWP8H5,us,E,0,1,test
693056,dog jogger stroller,34447,B075XY7KM1,us,E,0,1,train
1654486,pumpkins,84308,B07DXJYTDH,us,E,0,1,train
1654479,pumpkins,84308,0375840141,us,E,0,1,train
1184777,large cactus magnets,60010,B07VL8W2BG,us,E,0,1,train
882401,gaming chair with footrest,44222,B07BGY26VY,us,E,1,1,train
1552834,perfume pink victoria secret,79010,B0007CZXQC,us,E,1,1,train
2084030,une parisian,106755,B0815BWCZ1,us,E,0,1,train
787545,face sticker,39230,B00Q23DWXG,us,E,0,1,train
1780125,scented wax warmers,90870,B01H32XX8S,us,E,0,1,train
2162798,when tomorrow starts without me,110842,B07JJ1N7R6,us,E,0,1,train
1830947,silver nazgul ring,93538,B01KWQ5VMS,us,E,1,1,test
1654482,pumpkins,84308,B009O211C6,us,E,0,1,train
1780117,scented wax warmers,90870,B08DTQNSPJ,us,E,0,1,train
2214757,wooden dough bowls for decor,113635,B01MU04QF1,us,E,0,1,train
787546,face sticker,39230,B00O4GLX9I,us,E,0,1,train
1979281,tekonsha wireless brake controller,101278,B07CZTXL8P,us,E,0,1,train
1552826,perfume pink victoria secret,79010,B07DF6BWRT,us,E,1,1,train
1780138,scented wax warmers,90870,B088GX7QRP,us,E,0,1,train
1232264,lightweight messenger bag for women,62479,B01HUY19FS,us,E,0,1,test
798755,fc barcelona jersey,39819,B01MSFD41O,us,E,1,1,train
693052,dog jogger stroller,34447,B07PM7T6BB,us,E,0,1,train
2080705,uncle bens brown rice,106568,B005IGHWOS,us,E,1,1,train
647479,deer infant car seat cover,32138,B07PQRTJ83,us,E,0,1,train
787541,face sticker,39230,B07WF9XSB8,us,E,0,1,train
996197,hemostats,50181,B01MPZKOI2,us,E,0,1,test
